SKU,INVENTARIO
00-0053-05-BW,0
00-0054-05-BW,0
00-0073-DL-DL,1
00-0073-J6-J6,0
00-2726-AP-05,1
00-2726-AQ-78,57
00-2727-AP-05,0
00-3642-BW-M3,68
00-3685-BW-M1,17
00-4925-34-M1,0
00-4925-F5-M1,0
00-4943-14-B9,2
00-4946-14-B9,0
00-4949-14-B9,1
00-5278-BW-BW,14
00-5280-BW-BW,8
00-5346-F5-F5,0
00-5348-14-14,0
00-5348-J6-J6,1
00-5351-60-60,0
00-5435-60-13,26
00-5456-DL-DL,17
00-5456-J6-J6,1
00-5458-BW-F9,3
00-5478-14-14,0
00-5479-14-14V1,0
00-5575-14-14,0
00-5576-14-14,1
00-5576-F5-F5,2
00-5577-34-34,1
00-5669-S4-CG,1
00-5677-14-M1,0
00-5693-05-05,296
00-5922-14-RU,1
00-5922-DL-OU,0
00-5923-60-OU,2
00-5923-60-RU,1
00-5924-14-RU,1
00-5924-60-OU,4
00-5925-14-OU,1
00-5926-60-RU,2
00-5927-60-OU,1
00-5928-14-OU,2
00-5928-60-OU,2
00-5928-60-RU,2
00-5929-14-OU,1
00-5929-60-OU,0
00-5930-05-34,2
00-5931-05-34,24
00-5978-14-14,5
00-5978-60-60,1
00-5978-J6-J6,1
00-5979-F5-F5,1
00-5989-14-14,1
00-5989-F5-F5,1
00-5990-60-60,1
00-5991-J6-J6,1
00-5995-J6-J6,1
00-5996-60-60,3
00-5999-05-M1,1
00-6000-05-M1,46
00-6002-05-M1,0
00-6014-27-M1,0
00-6015-27-M1,0
00-6017-27-27,78
00-6019-27-27,3
00-6020-27-27,0
00-6414-93-05,6
00-6662-14-60,1
00-6670-21-21,0
00-7341-60-00,503
00-7341-81-00,141
00-7341-81-XB,1
00-7341-DN-00,135
00-7341-DN-DA,4
00-7342-60-00,355
00-7342-60-DA,6
00-7342-81-00,124
00-7342-81-DA,2
00-7342-DN-00,21
00-7342-DN-DA,1
00-7383-05-05,8
00-7388-05-DL,0
00-7389-05-DL,1
00-7403-05-DL,1
00-7408-14-00,13
00-7434-60-00,1
00-7434-N3-00,21
00-7434-Z5-00,8
00-7464-14-00,1
00-7464-60-00,35
00-7494-60-00,82
00-7560-14-00,1
00-7561-14-00,1
00-7588-60-DO,0
00-7614-21-55,0
00-7742-DN-DN,0
00-7902-05-05,0
00-7977-05-05,1
00-7977-DN-DN,0
00-7981-05-05,0
00-7992-DN-DN,1
00-8110-05-ES,22
00-8282-05-M1,0
00-8304-05-M1,0
00-8320-60-27,1
00-8391-DN-05,137
00-8413-05-DN,2
00-8541-14-14,112
00-9151-18-E7,1
00-9156-14-M1,0
00-9298-14-M1,6
00-A013-14-14,0
00-A017-14-14,63
00-A021-05-M1,0
00-A096-05-M1,0
00-A122-05-M1,53
00-A123-05-M1,66
05-0070-14-14,95
05-0070-S2-14,0
05-0072-34-34,0
05-0392-21-14,0
05-0392-21-25,0
05-1411-21-F9,1233
05-1507-21-M1,158
05-1508-21-M1,64
05-1611-81-M2,79
05-1796-14-14,8
05-1804-14-00,48
05-1819-AF-AF,4
05-1819-BW-BW,0
05-1940-81-81,487
05-1940-BW-BW,851
05-1941-81-82,634
05-1941-BW-82,477
05-2019-14-14,0
05-2019-S2-14,17
05-2499-54-H6,0
05-2543-81-Q3,2
05-2704-21-21,191
05-2705-21-21,2
05-2705-81-81,46
05-2706-21-21,0
05-2706-81-81V1,0
05-2706-E4-E4,64
05-2755-81-21,190
05-2756-81-21,0
05-2758-14-82,0
05-2814-81-05,1
05-2815-81-81,1
05-2817-81-14,6
05-2820-21-21,17
05-2820-81-81,60
05-2830-34-34,528
05-2830-34-34V1,10
05-2830-81-81,252
05-2831-05-05V1,37
05-2831-34-34,0
05-2831-81-81,237
05-2835-54-54,1578
05-2835-54-54V2,2
05-2838-21-21,101
05-2840-21-82,138
05-2845-21-21,1320
05-2904-14-00,3
05-3213-21-B4,4
05-3217-21-82,0
05-3217-81-82,252
05-3218-19-82,5
05-3218-21-82,180
05-3980-S2-14,85
05-4385-21-M1,9
05-4394-78-M1,73
05-4695-81-82,835
05-4695-Y2-82,230
05-4720-BW-BW,4
05-4755-CI-23,0
05-4787-BW-BW,360
05-4931-14-14,30
05-5092-BW-B9,0
05-5093-81-B9,50
05-5276-BW-M1,0
05-5296-DN-DNV1,0
05-5308-21-M1,0
05-5330-S2-14,0
05-5425-CI-20,1
05-5427-CI-20,0
05-5458-Z5-F9,2
05-5488-BW-BW,0
05-5625-05-81,0
05-5677-14-M1,0
05-5964-14-M1,1
05-5964-34-M1,1
05-5964-J6-M1,1
05-5968-21-21,1
05-5968-BW-BW,1
05-6024-21-21,264
05-6068-14-14,197
05-6068-81-81,60
05-6395-21-M1,0
05-6398-21-M1,158
05-6414-DC-05,4
05-6415-DC-05,4
05-6420-14-14,25
05-6420-14-81,63
05-6420-81-14,44
05-6420-81-81,0
05-6420-DN-14,2
05-6420-DN-81,9
05-6420-Z5-14,1
05-6420-Z5-Z5,44
05-6421-14-81,0
05-6421-14-Z5,1
05-6421-81-05,2
05-6421-Z5-DN,0
05-6421-Z5-Z5,1
05-6424-05-05,0
05-6424-81-81,108
05-6428-05-81,2
05-6428-14-14,0
05-6428-14-81,28
05-6428-81-05,2
05-6428-81-81,7
05-6428-Z5-81,1
05-6428-Z5-Z5,0
05-7367-14-14,284
05-7370-14-14,142
05-7370-81-81,11
05-7382-05-05,0
05-7385-05-05,9
05-7562-14-M1,7
05-7563-14-M1,74
05-7564-14-M1,111
05-7587-14-M3,0
05-7587-81-M3,359
05-7976-81-EL,54
05-8260-05-M1,1
05-8361-05-DN,10
05-8363-05-DN,11
05-8402-81-81,4
05-8509-05-05,0
05-8509-81-81,44
05-8510-14-14,135
05-8961-14-CM,1
05-9211-CA-CL,0
05-9211-CA-CM,1
05-9212-CA-CM,1
05-9299-Z5-M3,0
05-9368-Z5-37,2
05-9410-Z5-B8,1
05-9416-14-37,12
05-9444-Z5-CD,0
05-9544-05-CM,13
05-9544-Z5-CL,1
05-9577-34-37,0
05-9592-34-37,1
05-9592-34-CL,17
05-9602-34-M1,11
05-9677-14-M1,1
05-9679-14-CL,0
05-9727-05-CM,0
05-9728-05-CM,0
05-9731-34-CM,0
05-9734-14-M1,4
05-9734-34-M1,0
05-9735-34-M1,7
05-9750-54-CLV1,1
05-9750-54-CM,22
05-9771-34-M2,0
05-9773-14-37,5
05-9773-34-37,157
05-9773-Z5-37V1,0
05-9773-Z5-CK,1
05-9773-Z5-CM,56
05-9779-34-CL,0
05-9780-34-M1,0
05-9813-34-CL,1417
05-9813-34-CM,0
05-9832-34-CL,0
05-9832-DL-CL,3
05-9832-Z5-CM,0
05-9837-Z5-CL,0
05-9854-Z5-CL,0
05-9858-34-CM,2
05-9878-34-CL,73
05-9878-Z5-CM,0
05-9884-14-CM,0
05-9884-14-G5,1
05-9884-34-G5,3
05-9884-60-G5,6
05-9884-J6-G5,5
05-9884-Z5-CL,0
05-9884-Z5-CM,0
05-9885-14-CM,1
05-9885-60-CL,2
05-9885-Z5-CL,0
05-9885-Z5-CM,0
05-9886-14-CM,1
05-9889-CA-CM,0
05-9894-Z5-CL,0
05-9911-34-CL,77
05-9912-34-CL,224
05-9919-34-37,293
05-9924-34-CM,0
05-9926-14-CL,1
05-9929-Z5-CL,2
05-9930-Z5-CM,1
05-9932-Z5-M2,0
05-9956-Z5-CL,0
05-9956-Z5-CM,83
05-9957-Z5-CM,1
05-9959-Z5-CM,1
05-9961-34-CM,473
05-9966-34-CM,0
05-9967-34-CM,0
05-9971-DC-CL,4
05-9982-34-CL,1
05-9983-34-CL,2
05-9984-34-CL,8
05-9985-34-CL,2
05-9985-34-CM,3
05-9986-34-CL,1
05-9986-34-CM,4
05-9987-34-CL,3
05-9987-34-CM,28
05-9989-Z5-CK,0
05-9992-Z5-CL,3
05-9992-Z5-CM,29
05-9993-34-G5,0
05-9993-60-G5,0
05-9993-J6-G5,6
05-A000-DL-M1,0
05-A003-14-M3,22
05-A004-14-14,4
05-A006-14-14,0
05-A009-AH-M1,23
05-A010-14-14,37
05-A010-81-81,0
05-A078-DN-DN,0
05-E000-54-37,0
05-E001-54-CM,6
05-E002-54-37,0
05-E003-54-CM,6
05-E007-CA-CL,15
05-E008-CA-CL,0
05-E012-14-CM,1
05-E024-Z5-CL,0
05-E025-Z5-CL,4
05-E025-Z5-CM,1
05-E027-34-EH,0
05-E030-05-CL,0
05-E031-CA-CL,0
05-E039-05-CL,1
05-E049-34-CL,0
05-E050-34-CL,3
05-E051-14-CL,1
05-E051-34-CL,0
05-E051-34-CM,39
05-E051-60-CL,39
05-E051-60-CM,9
05-E051-DL-CL,2
05-E051-DL-CM,2
05-E051-J6-CL,3
05-E051-Z5-CL,283
05-E051-Z5-CM,2
05-E052-14-CL,2
05-E052-14-CM,15
05-E052-Z5-CL,9
05-E052-Z5-CM,6
05-E055-DL-EH,6
05-E056-34-CL,167
05-E056-34-CM,194
05-E056-Z5-CM,0
05-E057-Z5-CL,0
05-E061-05-CM,1
05-E067-14-CM,86
05-E067-60-CM,148
05-E067-Z5-CL,0
05-E067-Z5-CM,190
05-E069-14-CM,74
05-E071-14-OU,22
05-E072-Z5-CL,13
05-E072-Z5-CM,22
05-E073-Z5-CM,2
05-E074-Z5-CL,6
05-E074-Z5-CM,11
05-E075-Z5-CM,1
05-E076-E3-OU,1
05-E078-Z5-CL,137
05-E078-Z5-CM,0
05-E079-Z5-CL,87
05-E079-Z5-CM,92
05-E080-Z5-CL,3
05-E080-Z5-CM,141
05-E081-Z5-CL,26
05-E081-Z5-CM,0
05-E084-14-CM,47
05-E084-Z5-CL,0
05-E084-Z5-CM,0
05-E086-14-CL,3
05-E086-Z5-CL,0
05-E091-DC-CL,0
05-E094-Z5-00,27
05-E099-54-CM,0
05-E106-34-CL,0
05-E106-34-CM,113
05-E107-34-CM,64
05-E113-Z5-CL,1
05-E130-Z5-CK,1
05-E131-Z5-CL,9
05-E132-Z5-CK,9
05-E132-Z5-CL,7
05-E133-Z5-CK,0
05-E137-DL-EH,1
05-E139-14-EH,2
05-E139-34-EH,0
05-E139-60-EH,0
05-E139-J6-EH,2
05-E139-Z5-EH,0
05-E140-34-EH,0
05-E140-60-EH,4
05-E140-J6-EH,2
05-E140-Z5-EH,0
05-E143-Z5-CL,11
05-E144-34-M1,1
05-E144-60-M1,5
05-E144-J6-M1,3
05-E144-Z5-M1,4
05-E145-14-M1,6
05-E152-CA-CL,109
05-E158-DL-37,25
05-E163-Z5-EH,0
05-E165-14-EH,0
05-E165-60-EH,2
05-E165-Z5-EH,0
10-0378-BW-B8,0
10-1523-05-05,18
10-1523-21-21,204
10-1530-21-14,2
10-1940-BW-T007,8
10-2757-14-82,0
10-3273-21-05,36
10-3686-21-M1,49
10-4409-21-12,136
10-4755-CI-23,0
10-5930-05-34,2
10-6420-81-81,36
10-6420-Z5-Z5,0
10-7606-05-05,0
10-7606-14-14,0
10-7607-05-05,0
10-7607-14-DO,6
10-7742-05-05,80
10-8430-05-05,0
10-8516-05-EM,2
10-8518-05-EM,11
10-8519-05-05,10
10-8519-05-DN,14
10-8519-05-EM,14
10-9386-34-M3,0
10-9387-Z5-M3,0
10-9847-Z5-CL,0
10-A026-05-M1,0
10-A078-60-60,0
10-E001-60-CK,0
10-E001-60-CL,0
10-E001-Z5-CL,1
10-E002-DL-CK,1
10-E004-60-OU,2
10-E004-Z5-OU,8
10-E005-60-OU,5
10-E008-E3-OU,1
10-E010-14-EH,1
10-E010-60-EH,22
10-E010-Z5-EH,0
10-E011-60-EH,5
10-E011-Z5-EH,5
10-E015-60-EH,0
10-E016-Z5-CL,0
10-E032-J6-CK,0
10-E053-DC-CL,10
10-E144-Z5-CL,0
15-0003-BW-M1,0
15-0073-DL-DL,2
15-0073-J6-J6,0
15-0590-S2-M1,1
15-0651-50-87,0
15-1522-21-E9,401
15-1959-BW-M1,17
15-2939-S2-M1,0
15-4797-N3-OS,3
15-4924-BY-M1,0
15-5096-S2-M1,1
15-5264-14-00,3
15-5264-DL-00,2
15-5267-14-00,18
15-5267-60-00,1
15-5268-60-00,4
15-5268-Z5-00,1
15-5269-60-00,2
15-5270-14-00,6
15-5271-14-00,40
15-5271-60-00,14
15-5278-BW-BW,1
15-5469-N3-OS,0
15-5492-F5-F5,0
15-5493-34-34,0
15-5493-F5-F5,1
15-5494-BW-BW,6
15-5672-60-00,0
15-5673-60-00,5
15-5673-Z5-00,8
15-5675-14-00,2
15-5706-14-OS,2
15-5706-14-OU,1
15-5706-N3-OS,9
15-5714-14-OS,1
15-5715-14-OS,0
15-5715-14-OU,2
15-5716-14-DS,0
15-5716-14-OS,1
15-5922-14-OU,21
15-5922-60-OU,1
15-5922-60-RU,1
15-5922-DL-OU,11
15-5923-14-RU,1
15-5923-60-OU,0
15-5923-60-RU,1
15-5923-Z5-OU,1
15-5924-14-DS,2
15-5924-14-OU,7
15-5924-DL-OU,0
15-5926-14-RU,0
15-5927-14-OU,1
15-5928-60-OU,1
15-5929-60-OU,1
15-5948-14-00,2
15-6149-14-DS,0
15-6150-14-OS,0
15-6151-14-DS,4
15-6152-N3-DS,1
15-6281-14-MS,4
15-6429-21-F9,0
15-6482-60-MS,1
15-6482-81-MS,7
15-6484-14-MS,1
15-6484-60-MS,1
15-6487-81-MS,4
15-7305-14-00,13
15-7306-14-00,0
15-7307-14-00,19
15-7307-60-00,1
15-7308-14-00,37
15-7309-14-00,2
15-7310-60-00,2
15-7408-14-00,24
15-7408-60-00,3
15-7408-N3-00,22
15-7434-14-00,21
15-7434-60-00,8
15-7434-N3-00,330
15-7434-Z5-00,2
15-7494-14-00,28
15-7494-60-00,1
15-7494-N3-00,23
15-7597-14-DO,7
15-7597-60-DO,1
15-7806-14-DS,5
15-7807-14-DS,1
15-7811-14-TW,1
15-7842-14-TW,1
15-7842-60-TW,1
15-7843-14-TW,1
15-8035-14-MS,103
15-8331-05-14,0
15-8513-DN-DN,25
15-9298-14-M1,0
15-9298-J6-M1,1
15-9328-Z5-B8,0
15-9480-14-37,1
15-9480-34-37,3
15-9493-14-M1,0
15-9493-34-CM,1
15-9493-34-M1,3
15-9665-CA-CM,0
15-9708-CA-37,0
15-9778-34-CL,146
15-9790-34-CL,164
15-9790-Z5-CM,0
15-9806-34-CL,0
15-9810-05-CM,1
15-9835-34-CM,1
15-9839-05-CL,1
15-9900-34-CM,134
15-9901-34-CM,0
15-9904-14-CL,1289
15-9904-14-CM,5
15-9904-60-CM,97
15-9904-Z5-CL,0
15-9904-Z5-CM,0
15-9948-CA-CL,158
15-9948-CA-CM,10
15-A003-14-DE,15
15-A003-14-OE,100
15-A003-14-OU,222
15-A007-14-MS,1
15-A020-60-00,11
15-A024-60-00,1
15-A025-14-00,3
15-A033-14-DO,38
15-A182-14-00,0
15-A183-60-00,5
15-E000-34-CM,0
15-E002-34-CM,38
15-E003-34-CM,0
15-E004-34-CM,28
15-E005-34-CM,23
15-E006-34-OE,1
15-E020-DL-CM,0
15-E025-34-CL,2
15-E025-54-CL,1
15-E025-Z5-CM,1
15-E033-60-CL,1
15-E042-14-CM,1
15-E050-DL-EH,0
15-E050-Z5-EH,0
15-E051-Z5-CL,1
15-E054-Z5-CM,1
15-E060-14-CL,5
15-E062-60-CL,1
15-E105-05-CL,0
15-E110-M1-EH,28
15-E111-M1-EH,16
15-E123-14-CL,14
15-E123-14-CM,0
15-E124-Z5-CK,0
15-E125-Z5-CK,0
15-E128-Z5-CK,0
15-E128-Z5-CL,0
25-0058-BW-M1,0
25-0467-21-82,0
25-1940-05-H13W,324
25-1940-BW-T007,53
25-2934-BW-M3,0
25-3686-21-M1,49
25-4695-21-82,0
25-4695-81-82,31
25-4919-21-82,0
25-5076-01-H13W,12
25-5076-06-H13W,0
25-5677-14-M1,2
25-5931-05-34,0
25-6420-05-05,743
25-8520-05-EM,7
25-8521-05-EM,1
25-9503-Z5-M1,0
25-9733-05-CK,48
25-9733-05-M1,0
25-A026-05-M1,15
25-E000-Z5-OU,4
25-E003-DL-XB,1
25-E008-60-OU,4
25-E011-60-EH,2
25-E012-14-EH,2
25-E012-60-EH,1
25-E014-60-EH,1
25-E015-14-EH,1
30-0068-14-F9,0
30-1964-CF-CF,174
30-3249-CF-M1,77
30-3250-CF-M1,0
30-4356-CF-CF,561
30-4393-CF-M1,0
30-4393-N3-M1,12
30-4399-81-F9,0
30-4399-E4-F9,0
30-4399-J7-F9,0
30-4863-81-81,0
30-5676-81-M1,0
30-5676-CF-M1,12
30-5679-14-14,0
30-5681-J7-F9,0
30-6141-CF-CF,0
30-7643-14-F9,0
30-7657-81-EC,3
30-7719-14-F9,0
30-7720-14-F9,0
30-7722-14-F9,0
30-7972-14-F9,0
30-7973-14-F9,161
30-8340-05-05,8
30-8340-05-43,7
30-8340-05-93,96
30-8342-05-05,0
30-8342-05-43,0
30-8342-05-93,13
30-8407-81-14,0
30-8408-81-14,126
30-8550-05-37,16
30-8550-81-37,122
30-8551-14-F9,0
320-CR,1
35-1565-60-00,2
35-2205-14-OU,1
35-3934-60-OS,5
35-3938-14-DU,2
35-3941-14-OS,0
35-3942-14-OU,1
35-3957-14-OU,2
35-4305-60-OS,0
35-4306-60-OU,5
35-4313-14-DU,1
35-4313-14-OS,0
35-4313-60-OS,1
35-4732-60-OU,2
35-4934-14-OU,3
35-4936-14-OU,1
35-4937-14-OU,1
35-4937-60-OU,1
35-4939-60-OS,0
35-4939-60-OU,15
35-5237-60-OS,9
35-5238-60-OS,2
35-5238-60-OU,3
35-5239-60-OU,1
35-5242-14-OS,3
35-5242-14-OU,2
35-5242-60-OS,2
35-5242-60-OU,0
35-5243-14-OU,3
35-5243-60-OS,1
35-5244-60-OS,2
35-5245-14-OU,4
35-5251-60-OU,6
35-5255-14-OU,22
35-5255-60-OU,9
35-5257-14-OU,3
35-5258-14-OU,1
35-5259-14-OU,9
35-5259-60-OU,5
35-5261-14-OU,1
35-5262-14-OU,4
35-5263-14-OU,5
35-5273-14-OU,0
35-5380-60-OS,1
35-5382-14-OS,4
35-5394-14-OS,5
35-5394-60-OS,7
35-5396-14-OS,1
35-5396-60-OS,1
35-5397-14-OS,1
35-5397-60-OS,6
35-5398-14-OS,2
35-5398-60-OS,8
35-5399-60-OS,1
35-5400-14-OS,2
35-5400-60-OU,5
35-5401-14-DU,4
35-5401-60-OU,1
35-5411-14-OU,1
35-5412-14-OS,1
35-5413-14-OS,6
35-5414-14-OU,2
35-5414-60-DU,1
35-5414-60-OU,3
35-5415-60-DU,1
35-5415-60-OS,1
35-5416-14-OS,12
35-5417-60-OS,2
35-5583-14-OU,14
35-5584-14-OU,2
35-5584-60-OU,1
35-5585-14-OU,1
35-5587-60-MS,0
35-5591-60-MS,2
35-5597-60-MS,4
35-5680-14-00,12
35-5680-60-00,3
35-5718-60-OU,1
35-5719-60-OS,1
35-5722-14-OU,6
35-5722-60-OU,3
35-5724-14-OS,8
35-5724-60-OS,3
35-5724-60-OU,7
35-5728-14-OU,14
35-5728-60-OS,0
35-5729-14-OS,8
35-5729-14-OU,5
35-5731-60-OS,0
35-5734-14-OU,2
35-5735-14-OU,4
35-5736-60-OU,11
35-5737-14-OU,4
35-5911-60-OS,1
35-5914-14-OS,4
35-5914-14-OU,2
35-5915-14-OU,3
35-5916-14-OS,3
35-5917-14-OU,1
35-5920-60-OU,2
35-5943-14-OF,2
35-5943-14-OG,4
35-5944-14-OF,6
35-5944-14-OG,5
35-5944-14-OM,9
35-6057-60-OS,1
35-6061-14-EU,1
35-6062-60-EU,8
35-6062-60-OU,3
35-6063-14-OU,6
35-6273-14-MS,0
35-6273-60-MS,3
35-6276-60-MS,1
35-6277-60-MS,1
35-6279-14-MS,4
35-6281-14-MS,1
35-6283-14-MS,1
35-6283-60-MS,5
35-6285-14-MS,1
35-6289-60-MS,0
35-6290-60-MS,1
35-6635-14-OU,7
35-6641-60-OS,12
35-7279-60-XB,30
35-7280-60-XB,16
35-7283-14-XB,19
35-7285-14-00,67
35-7286-60-00,0
35-7289-60-XB,43
35-7323-60-EF,2
35-7323-60-OF,1
35-7324-14-OF,1
35-7525-14-OU,4
35-7527-60-OU,2
35-7529-14-OU,10
35-7529-60-OU,1
35-7530-60-EU,1
35-7533-60-OU,1
35-8035-14-00,186
35-8035-60-00,142
35-8036-14-00,37
35-8036-60-00,89
35-8037-14-00,229
35-8037-60-00,98
35-8038-14-00,92
35-A009-14-ES,12
35-A015-60-ES,0
35-A020-60-OS,8
35-A054-14-OS,359
35-A054-60-OS,28
35-A055-14-OS,0
35-A055-60-OS,198
35-A056-14-DS,0
35-A056-60-OS,1
35-A057-14-DS,1
35-A057-14-OS,0
35-A057-60-OS,221
35-A058-14-DS,4
35-A058-14-OS,7
35-A058-60-OS,0
35-A059-14-OS,0
35-A059-60-DS,1
35-A063-60-XB,41
35-A064-14-XB,12
35-A095-G7-OS,56
35-A122-G7-OS,303
35-A130-G7-OS,47
35-A131-G7-OS,109
35-A131-H2-OS,38
35-A135-14-00,58
35-A135-14-DA,5
35-A136-14-00,28
35-A136-14-DA,24
35-A183-14-DS,6
35-A186-14-OS,0
489-AL,0
510-CR,49
55-1574-14-00,501
55-3401-N3-M3,20
55-8024-14-00,0
55-8025-N3-00,618
55-8026-14-00,246
55-8027-N3-00,800
55-9155-M1-M1,0
55-9156-M1-M1,0
55-9239-CA-M2,0
55-9305-48-48,4
55-9305-Z5-Z5,5
55-9390-14-M1,0
55-9390-Z5-M3,2
55-9479-34-M2,0
55-9481-M1-M1,3
55-9486-Y4-37,1
55-9488-Z5-M3,0
55-9504-J6-M2,1
55-9549-Z5-M3,0
55-9665-CA-37,73
55-9665-CA-CL,112
55-9667-CA-CL,238
55-9667-CA-CM,8
55-9733-05-CK,0
55-9873-Z5-CL,284
55-9880-Z5-M1,0
55-9890-Z5-CM,30
55-9907-CA-CM,100
55-9910-CA-CL,2
55-9938-Z5-CL,0
55-9939-Z5-CL,1
55-9944-Z5-CL,4
55-9945-34-CM,0
55-9945-E3-CM,0
55-9945-Z5-CM,0
55-9946-34-CM,0
55-9947-34-CM,0
55-9947-Z5-CM,0
55-9970-CA-CM,16
55-9973-CA-CM,1
55-9974-CA-CL,12
55-9975-CA-CL,0
55-9975-CA-CM,1
55-9976-CA-CL,0
55-9977-CA-CM,2
55-E003-CA-CM,0
55-E004-M3-CL,0
55-E005-M3-00,12
55-E006-CA-CK,0
55-E018-05-CL,0
55-E021-05-CL,0
55-E028-34-CM,2
55-E028-60-CM,10
55-E028-Z5-CM,27
55-E032-DL-CL,3
55-E033-Z5-CM,4
55-E034-14-CM,1
55-E034-54-CL,178
55-E034-54-CM,114
55-E034-60-CL,11
55-E034-J6-CM,1
55-E039-M3-CL,1
55-E045-CA-CL,0
55-E047-CA-CL,0
55-E051-37-CL,5
55-E053-DC-CL,0
55-E054-Z5-CL,0
55-E056-DC-CL,0
55-E063-14-OU,0
55-E065-DL-OU,1
55-E071-54-00,139
55-E071-Z5-00,4
55-E074-34-CL,6
55-E074-34-CM,51
55-E076-M3-CM,112
55-E092-34-EH,45
55-E093-Z5-EH,1
55-E095-Z5-EH,1
55-E101-34-00,10
55-E102-Z5-CM,1
55-E114-Z5-EH,4
55-E115-Z5-EH,0
55-E136-Z5-CK,0
55-E136-Z5-CL,2
55-E137-Z5-CL,34
55-E138-CA-CL,3
55-E138-CA-CM,0
55-E149-CA-CL,0
55-E151-CA-11,29
55-E151-CA-CK,187
55-E163-37-CM,7
60-9809-34-CL,0
60-9809-34-CM,4
60-9809-Z5-CL,25
60-9842-34-CM,0
60-9913-Z5-CM,0
60-9996-Z5-CM,0
60-E000-Z5-CM,44
60-E058-Z5-00,119
60-E059-Z5-00,54
60-E102-Z5-CL,277
60-E102-Z5-CM,44
71-0580-54-M2,63
71-5158-14-37,30
71-7535-60-00,249
71-C168-60-00,75
71-C169-60-00,204
71-C170-60-00,167
71-C171-60-00,274
71-C172-60-00,92
75-5314-21-K3,0
75-8076-K3-F1,0
75-A002-K3-F1,376
81-9914-34-34,97
81-9915-34-34,101
81-E102-Z5-Z5,1
90-1453-14-T2,1
90-1689-21-37,0
90-1813-14-00,4
90-2024-14-M3,1
90-2582-14-37,4
90-2613-14-37,4
90-2614-14-37,1
90-2616-14-37,4
90-3208-14-DU,6
90-3208-14-OE,3
90-3208-14-OU,1
90-3208-60-OU,2
90-3209-14-DU,0
90-3209-14-OU,0
90-3209-60-OE,15
90-3210-60-OU,62
90-3211-60-OU,1
90-3298-N3-37,2
90-3299-14-37,1
90-3522-N3-37,1
90-3525-14-OE,3
90-3525-60-DU,3
90-3529-14-OE,3
90-3529-60-DU,10
90-3530-14-OU,10
90-3530-60-OU,1
90-3985-N3-OE,1
90-4349-14-B9,110
90-4736-14-37,10
90-4767-14-37,1
90-4775-14-37,1
90-4779-14-37,4
90-4781-14-37,0
90-4782-14-37,708
90-4783-14-37,0
90-4791-14-37,4
90-4793-14-37,1
90-4799-14-DS,1
90-4799-14-OS,1
90-4799-N3-DS,3
90-4799-N3-OS,4
90-4800-14-OS,1
90-4800-N3-OS,2
90-4843-14-37,1
90-4844-14-37,1
90-4846-14-37,1
90-4880-14-M3,0
90-5139-14-37,0
90-5144-14-37,101
90-5147-14-37,2
90-5472-14-OS,2
90-5472-N3-DS,2
90-5473-14-OS,1
90-5473-N3-OS,7
90-5473-N3-OU,3
90-5474-14-DS,9
90-5474-14-OU,13
90-5474-N3-DS,10
90-5474-N3-OS,4
90-5475-14-OU,1
90-5475-N3-OU,3
90-5698-14-DS,2
90-5699-14-OS,1
90-5699-N3-DS,4
90-5699-N3-OS,2
90-5701-14-DS,1
90-5701-14-OU,1
90-5702-N3-OS,4
90-5704-14-OS,1
90-5704-N3-DS,2
90-5705-N3-OS,2
90-5706-14-DS,2
90-5709-14-DS,6
90-5709-N3-OS,2
90-5714-14-DS,2
90-5714-14-OS,1
90-5714-14-OU,4
90-5715-14-DS,7
90-5715-14-OS,27
90-5716-14-DS,2
90-5716-N3-OS,7
90-5922-14-OU,10
90-5922-60-OU,2
90-5922-60-RU,1
90-5922-DL-OU,1
90-5923-14-OU,9
90-5923-14-RU,1
90-5923-60-OU,1
90-5923-DL-OU,2
90-5924-14-OU,2
90-5924-DL-OU,2
90-5926-60-OU,1
90-5927-60-RU,1
90-6152-14-OS,35
90-6153-14-OS,1
90-6153-14-OU,4
90-6155-14-OS,8
90-6155-14-OU,2
90-6156-14-OS,1
90-6158-14-OS,1
90-6356-14-60,9
90-6357-14-14,3
90-6357-14-60,28
90-6367-60-14,1
90-6367-60-OE,2
90-6370-14-OE,1
90-6372-60-OE,1
90-6374-14-OE,6
90-6375-60-14,12
90-6382-14-60,4
90-6384-14-60,4
90-6385-14-14,0
90-6385-60-60,1
90-6387-14-60,2
90-6393-60-14,53
90-6692-14-14,3
90-6693-14-14,7
90-6693-14-60,26
90-6695-14-60,3
90-6696-14-60,1
90-7360-60-00,52
90-7408-14-00,41
90-7434-14-00,81
90-7494-14-00,6
90-7682-21-21,330
90-7682-81-81,311
90-8001-14-DS,299
90-8002-14-OS,291
90-8013-14-00,63
90-8080-60-00,173
90-8105-14-WR,322
90-8205-14-DS,1
90-8206-14-DS,3
90-A031-14-00,70
90-A035-14-DS,592
90-A037-14-DS,0
90-A046-H2-OS,1
90-A048-H2-DS,10
90-A055-H2-DS,3
90-A056-G7-OS,6
90-A056-H2-OS,37
90-A088-G7-OS,5
90-A088-H2-OS,9
90-A089-G7-OS,48
90-A089-H2-OS,48
90-A090-G7-OS,15
90-A090-H2-OS,37
90-A093-G7-DS,2
90-A093-G7-OS,21
90-A093-H2-OS,1
90-A094-H2-OS,6
90-A095-H2-OS,0
90-A097-H2-DS,21
90-A100-H2-OS,2
90-A102-H2-DS,10
90-A103-G7-OS,2
90-A110-G7-OS,1
90-A112-14-00,86
90-A115-14-00,56
90-A118-14-00,71
90-A118-60-00,107
90-A121-60-00,47
90-A122-14-00,0
90-A124-60-00,23
90-A161-60-00,0
90-A163-60-00,0
90-A205-60-00,131
91-0150-00-00,5
91-0175-00-00,1
91-2361-00-00,2
91-2365-00-00,60
91-2379-00-00,368
91-2379-00-00L,0
91-2491-00-00,2
91-3282-00-00,746
91-3282-00-00L,0
91-4763-00-00,4
91-5452-00-00,10
91-5563-00-00,1
91-5563-00-00L,0
91-5564-00-00L,0
91-5565-00-00,1
91-5566-00-00,5
91-5567-00-00L,0
91-5570-00-00,7
91-5571-00-00,49
91-5571-00-00L,0
91-5572-00-00,36
91-5572-00-00L,1
91-5573-00-00,0
91-5573-00-00L,0
91-5859-00-00,1
91-6607-00-00,96
91-6608-00-00,189
91-6609-00-00,8
91-6610-00-00,66
91-7908-00-00L,0
91-7910-00-00L,2
91-7911-00-00,206
91-7911-00-00L,0
91-7912-00-00L,0
91-7914-00-00L,0
91-7915-00-00,144
91-7915-00-00L,0
91-7918-00-00L,1
91-7919-00-00,113
91-7919-00-00L,0
91-7921-00-00L,0
91-7923-00-00L,0
91-7924-00-00,92
91-7924-00-00L,0
91-7925-00-00L,0
91-7926-00-00,58
91-7926-00-00L,0
91-7927-00-00L,0
91-7929-00-00L,0
91-7930-00-00L,0
91-7932-00-00,171
91-7932-00-00L,0
91-7933-00-00L,0
91-7934-00-00L,0
91-7935-00-00L,0
91-7936-00-00L,0
91-7937-00-00,255
91-7937-00-00L,0
91-7938-00-00,124
91-7939-00-00,8
91-7939-00-00L,0
91-7940-00-00,44
91-7940-00-00L,0
91-7942-00-00,13
91-7942-00-00L,0
91-7943-00-00L,0
91-7944-00-00,62
91-7944-00-00L,0
91-7945-00-00L,0
91-7946-00-00L,0
91-7947-00-00L,0
91-7948-00-00,1
91-7948-00-00L,0
91-7949-00-00,3
91-7949-00-00L,0
91-7950-00-00,37
91-7950-00-00L,0
91-7951-00-00,202
91-7951-00-00L,0
91-7964-00-00,1
91-7965-00-00,0
91-7966-00-00,11
91-7967-00-00,6
91-7969-00-00,51
91-7970-00-00,2
91-7971-00-00,7
91-A002-00-00,557
91-A012-00-00,274
91-A013-00-00,200
91-A015-00-00,72
91-A017-00-00,75
91-A019-00-00,0
91-A023-00-00,134
AA11-25W8M1BB14,1
AA11-25W8M3BB14,1
AA11-25W9M3BB14,4
AA11-25W9S2BB14,1
AA11-25X8M1BB14,1
AA11-33W8S2BB14,4
AA11-33X8M3BB14,4
AA13-25W8M3BB14,1
AB11-11W8M3OUWB,1
AB11-23W8M3OUWD,1
AB11-23W8S2OUWB,0
AB12-21W8M3OUWC,1
AB12-31X8S2OUWD,0
AC11-16V8S2OUCA,2
AC11-16W8F2OUCA,1
AC11-16X8S2OUCA,1
AC11-23W8S2OUCA,2
AC11-23X8F2OUCA,1
AC11-34X8M1OUCA,2
AC11-P9V8F2OUCA,1
AC11-P9X8F2OUCA,1
AD11-11W8S2OUZ5,0
AD11-52V8M3OUZ5,0
AD11-52W8S2OUZ5,2
AD11-92V8S3DSZ5,6
AD11-92X8S3DSZ5,6
AF11-18W8M1BB14,1
AF11-18W8M3BB34,11
AF11-18W8M3BB60,7
AF11-18W9M3OU14,2
AF11-25W9M3OU14,2
AF11-25W9M3OU60,1
AF11-25W9S2OU14,1
AF11-25X8M3OU34,4
AF11-3PW8M3OU14,1
AF11-3PW9M3DS14,1
AF11-AAG1NABU34,15
AF11-AAG1NABU60,4
AF12-18W8M3OU34,0
AF12-18W9M3OU14,1
AF12-18X8M3OU14,0
AF12-18X8M3OU60,3
AF12-AAG1NABU14,1
AF13-18W9S2BB34,9
AF13-AAG1NABU34,34
AF14-4PW8M3BB14,6
AF14-4PW8M3DS14,1
AF15-18W8M3OU60,2
AF15-18W9M3OU14,302
AF15-25X8M3OU14,2
AF15-AAG1NABU14,7
AF16-18W8M1BB14,3
AF16-AAG1NABU14,74
AF16-AAG1NABU60,34
AF17-13W8F2OU34,4
AF17-AAG1NABU14,73
AF17-AAG1NABU60,193
AF17-P7W8F2DS60,4
AF17-P7W8F2OU14,13
AF18-AAG1NABU14,0
AF18-AAG1NABU34,290
AF21-AAG1NABU60,0
AF21-AAG3NABU60,4
AF22-13V8F2BB60,2
AF22-13W8F2DS60,3
AF22-P7V8M3BB60,4
AF23-13V8M3BB14,36
AF23-AAG1NABU14,36
AF24-18W9M3BB60,1
AF24-AAG1NABU14,180
AF24-AAG1NABU60,235
AF24-AAG5NABU60,6
AF25-AAG1NABU14,119
AF25-AAG1NABU60,290
AF26-18W8M3BB14,43
AF26-18W9M1BB14,1
AF26-AAG1NABU14,53
AF27-AAG1NABU14,81
AF28-AAG1NABU14,49
AF28-AAG1NABU60,195
AF29-13V8F2BB60,103
AF29-13V8M1BB14,37
AF29-13V8M3BB14,37
AF29-13W8M1BB14,37
AF29-AAG1NABU14,37
AF29-AAG1NABU60,103
AF29-AAG3NABU14,37
AF29-P7V8M1BB14,37
AF29-P7V8M3BB14,37
AG11-AAG1NABUAF,0
AG12-13S9M2TS14,1
AG12-13V9F1BBAF,2
AG12-13W9M2BBAF,4
AG12-13W9S2BBAF,1
AG12-P7V9F1BBAF,5
AG12-P7V9S2DSAF,1
AG12-P7W9M2BBAF,1
AG13-13V9M2O160,26
AG13-13V9M2OU60,51
AG13-13W9M2OU14,414
AG13-13X8M2BB14,0
AG13-18V9M2BB60,156
AG14-13V8M2BB14,0
AG14-13V8S1BB14,0
AG14-13V9M2OU60,72
AG14-13V9S1BB14,0
AG14-13V9S2OU60,146
AG14-13W8S2BB60,0
AG14-13X8M2BB14,0
AG14-13X8S1BB14,0
AG14-P7V8M2BB14,0
AG14-P7V8S1BB14,0
AG14-P7X8M2BB14,0
AG14-P7X8S1BB14,0
AG15-13V9F1OU14,0
AG15-13V9M2DS14,3
AG15-13V9M2DS60,6
AG15-13V9S2TS60,0
AG15-13W9M2BB14,9
AG15-13W9M2BB60,21
AG15-13W9M2OU14,1
AG15-13W9M2OU60,0
AG15-13W9S2OU14,34
AG15-13X9F1DS60,3
AG15-13X9M2DS60,8
AG15-13X9S2DS60,22
AG15-18V9M2DS60,11
AG15-18X9F1OU60,9
AG15-AAG1NABU60,0
AG15-P7V9M2BB14,14
AG15-P7V9M2D314,2
AG15-P7V9M2DS60,9
AG15-P7V9M2O160,26
AG15-P7V9S1DS60,3
AG15-P7V9S2OU14,1
AG15-P7W9F1TS14,0
AG15-P7W9M2OU60,0
AG15-P7W9M2TS14,5
AG15-P7X9M2BB14,79
AG15-P7X9M2OU14,9
AG15-P7X9M2TS14,4
AG16-13S9M2TSAF,0
AG16-13V8M2BBAF,0
AG16-13V8S1BBAF,0
AG16-13V9F1TS21,4
AG16-13V9M2BBAF,0
AG16-13V9S1BBAF,0
AG16-13X8M2BBAF,0
AG16-13X8S1BBAF,0
AG16-18W9M2BBAF,0
AG16-18W9S2DS14,199
AG16-18X9M2BBAF,0
AG16-AAG1NABUAF,0
AG16-P7V8M2BBAF,0
AG16-P7V8S1BBAF,0
AG16-P7V9F1OU21,3
AG16-P7V9S2BB21,5
AG16-P7X8M2BBAF,0
AG16-P7X8S1BBAF,0
AG16-P7X9F1BB21,194
AG17-13V8M2BB14,0
AG17-13V8M2BB60,0
AG17-13V8S1BB14,0
AG17-13V8S1BB60,0
AG17-13V9M2BB60,1
AG17-13V9M2O314,6
AG17-13V9S1BB14,30
AG17-13V9S1BB60,12
AG17-13V9S2DS60,4
AG17-13W9F1BB60,4
AG17-13W9F1DS60,0
AG17-13X8M2BB14,57
AG17-13X8M2BB60,12
AG17-13X8S1BB14,57
AG17-13X8S1BB60,12
AG17-13X9F1OU14,0
AG17-18V9M2DS14,16
AG17-AAG1NABU14,5
AG17-P7V8M2BB14,0
AG17-P7V8M2BB60,0
AG17-P7V8S1BB14,0
AG17-P7V8S1BB60,0
AG17-P7V9S1BB60,4
AG17-P7V9S2BB14,5
AG17-P7V9S2BB60,1
AG17-P7V9S2DS14,51
AG17-P7V9S2OU14,0
AG17-P7W9F1BB60,3
AG17-P7W9F1DS14,0
AG17-P7W9F1OU14,0
AG17-P7W9M2O114,13
AG17-P7W9M2OU14,0
AG17-P7X8M2BB14,57
AG17-P7X8M2BB60,12
AG17-P7X8S1BB14,57
AG17-P7X8S1BB60,12
AG18-13V8M2BB14,0
AG18-13V8S1BB14,0
AG18-13V9M2BB14,30
AG18-13V9S1BB14,30
AG18-13X8M2BB14,133
AG18-13X8S1BB14,115
AG18-P7V8M2BB14,0
AG18-P7V8S1BB14,0
AG18-P7X8M2BB14,133
AG18-P7X8S1BB14,115
AG19-13S9M2TSAF,4
AG19-13V8M2BBAF,0
AG19-13V8S1BBAF,0
AG19-13V9M2BBAF,4
AG19-13V9S1BBAF,4
AG19-13X8M2BBAF,4
AG19-13X8S1BBAF,4
AG19-18W9M2BBAF,2
AG19-18X9M2BBAF,1
AG19-AAG1NABUAF,4
AG19-P7V8M2BBAF,0
AG19-P7V8S1BBAF,0
AG19-P7X8M2BBAF,4
AG19-P7X8S1BBAF,4
AG21-12U9M2TW60,84
AG21-13V8M2BB14,0
AG21-13V8S1BB14,0
AG21-13V9S1BB14,1
AG21-13X8M2BB14,1
AG21-13X8S1BB14,1
AG21-P7V8M2BB14,0
AG21-P7V8S1BB14,0
AG21-P7V9M2OU14,162
AG21-P7X8M2BB14,1
AG21-P7X8S1BB14,1
AG22-12U9M2TW60,10
AG22-13W9M2BB14,27
AG22-13W9S2BB14,0
AG22-18W9F1OU14,2
AG22-18X9F1BB14,3
AG22-18X9F1DS14,3
AG22-AAG1NABU14,1
AG22-P7V9F1BB14,1
AG22-P7W9F1BB14,5
AG22-P7W9M2OU60,1
AG23-12U9F1TWWN,1
AG23-13S9M2TSWR,11
AG23-13V9F1BBWR,17
AG23-13V9F1OUWG,3
AG23-13V9M2BBWN,3
AG23-13V9M2DSWN,1
AG23-13V9S2DSWN,1
AG23-13W9F1BBWR,3
AG23-13W9F1DSWG,1
AG23-13W9F1DSWR,11
AG23-13W9F1OUWM,1
AG23-13W9F1TSWK,12
AG23-13W9M2OUWN,3
AG23-13W9S2OUWR,2
AG23-13X9M2BBWL,2
AG23-18V9F1DSWJ,9
AG23-18V9M2OUWR,38
AG23-18V9S2DSWN,11
AG23-18W9S2OUWR,100
AG23-18X9S2OUWR,2
AG23-AAG1NABUWH,21
AG23-AAG1NABUWI,18
AG23-AAG1NABUWJ,0
AG23-AAG1NABUWK,20
AG23-AAG1NABUWN,27
AG23-P7V9F1BBWG,14
AG23-P7V9F1BBWH,1
AG23-P7V9F1BBWL,25
AG23-P7V9F1BBWN,16
AG23-P7V9F1TSWJ,2
AG23-P7V9M2BBWG,8
AG23-P7V9M2BBWH,25
AG23-P7V9M2BBWL,25
AG23-P7V9M2O3WL,2
AG23-P7V9M2TSWH,4
AG23-P7V9S2BBWG,25
AG23-P7V9S2BBWH,25
AG23-P7V9S2BBWL,25
AG23-P7V9S2BBWM,25
AG23-P7V9S2BBWN,16
AG23-P7V9S2BBWR,25
AG23-P7W9F1BBWH,15
AG23-P7W9F1BBWL,25
AG23-P7W9F1BBWM,12
AG23-P7W9F1OUWG,43
AG23-P7W9F1OUWJ,10
AG23-P7W9F1TSWK,5
AG23-P7W9M2BBWH,22
AG23-P7W9M2BBWL,25
AG23-P7W9M2BBWM,16
AG23-P7W9M2BBWR,1
AG23-P7W9M2DSWG,89
AG23-P7W9M2OUWH,1
AG23-P7W9M2TSWN,3
AG23-P7X9M2BBWL,25
AG23-P7X9M2OUWH,2
AG23-P7X9S2OUWR,4
AG24-13V9M2BBWS,1
AG24-13V9M2TSWS,4
AG24-13W9F1BBWS,1
AG24-AAG1NABUWS,1
AG24-P7V9F1OUWP,330
AG24-P7V9M2BBWS,4
AG24-P7V9M2DSWP,95
AG24-P7V9M2OUWP,77
AG24-P7V9M2TSWS,4
AG24-P7V9S2BBWS,2
AG24-P7V9S2OUWS,103
AG24-P7W9M2BBWS,1
AG25-13V9F1BBWR,4
AG25-13V9F1OUWK,5
AG25-13V9M2OUWR,10
AG25-AAG1NABUWG,2
AG25-AAG1NABUWK,1
AG25-AAG1NABUWM,8
AG25-AAG1NABUWN,10
AG25-P7V9F1TSWG,11
AG25-P7V9F1TSWR,15
AG25-P7V9M2TSWR,15
AG25-P7W9M2BBWM,1
AG26-13V9M2BBWQ,13
AG26-AAG1NABUWP,27
AG26-AAG1NABUWS,3
AG26-P7V9F1BBWP,2
AG26-P7V9F1TSWS,2
AG26-P7V9M2BBWQ,31
AG26-P7V9M2OUWS,29
AG26-P7W9M2BBWS,1
AG26-P7X9M2DSWP,26
AG27-13S9M2TSWM,1
AG27-13V8M2BBWR,0
AG27-13V8S1BBWR,0
AG27-13V9M2OUWN,17
AG27-13V9S1BBWR,10
AG27-13V9S2BBWN,1
AG27-13V9S2TSWN,5
AG27-13W9F1BBWH,4
AG27-13W9F1BBWL,5
AG27-13W9F1BBWR,124
AG27-13X8M2BBWR,10
AG27-13X8S1BBWR,10
AG27-18W9M2BBWR,39
AG27-P7V8M2BBWR,0
AG27-P7V8S1BBWR,0
AG27-P7V9F1DSWR,1
AG27-P7V9F1OUWN,1
AG27-P7V9M2BBWN,5
AG27-P7V9M2DSWR,1
AG27-P7V9S2DSWM,1
AG27-P7W9M2BBWM,1
AG27-P7X8M2BBWR,10
AG27-P7X8S1BBWR,10
AG27-P7X9F1BBWR,15
AG27-P7X9F1OUWR,1
AG28-P7W9M2BBWS,11
AG29-13W9F1DSWR,1
AG29-AAG1NABUWN,20
AG29-P7W9M2BBWM,1
AG32-13W8M2NUWL,18
AG32-13W8M2NUWR,10
AG32-13W9M2DUWL,1
AG32-13W9M2DUWM,2
AG32-P7V8F1TSWM,5
AG32-P7V8M2NUWH,15
AG32-P7W8M2NUWH,1
AG32-P7W8M2NUWN,34
AG32-P7W8M2NUWR,1
AG32-P7W8M2TSWR,6
AG32-P7W9S2DUWM,3
AG33-P2W8S1OU14,1
AG33-P3W8M2OU14,8
AG33-P3W8M2OU60,1
AG33-P3X8F1DS60,10
AG33-P3X8F1OU14,0
AG33-P3X8M2BB14,2
AG34-P2W8S1BBAF,2
AG34-P3V8F1BB60,151
AG34-P3V8F1OU60,3
AG34-P3V8M2BBAF,1
AG34-P3W8F1BBAF,0
AG34-P3W8F1OU14,1
AG34-P3W8M2OSAF,0
AG34-P3W8M2OU14,2
AG35-P3X8M1BB14,1
AG35-P3X8M3BB14,1
AG36-P3V8F1OU14,7
AG36-P3V8M2OU14,4
AG36-P3W8F1OU60,154
AG36-P3W8M2OU14,57
AG36-P3W8M2OU60,1
AG36-P3X8F1BB14,9
AG36-P3X8M2BB14,82
AG36-P3X8M2OS60,0
AG37-P2V8S1OU14,1
AG37-P3V8M2DS14,0
AG37-P3W8M2OU14,0
AG37-P3W8M2OU60,3
AG37-P3X8F1BB14,8
AG37-P3X8F1BB60,6
AG37-P3X8M2BB14,11
AG38-P3W8M2OU14,6
AG38-P3X8F1OU14,0
AG38-P3X8M2BB60,4
AG38-P3X8M2DS60,101
AG39-P2V8S1BB14,217
AG39-P2V8S1OU14,58
AG39-P3V8M2OS14,0
AG39-P3V8M2OU14,268
AG41-P3V8M2OU60,1
AG41-P3W8F1OU14,2
AG41-P3X8F1BB14,58
AG41-P3X8F1OU14,23
AG41-P3X8F1OU60,6
AG41-P3X8M2OU60,21
AG42-18W9F1BB14,70
AG42-AAG1NABU23,3
AG43-13V9S2DS14,3
AG43-13W9M2BB14,1
AG43-18W9F1BB14,16
AG43-18W9M2OU14,18
AG43-P7V9F1BB14,21
AG43-P7V9M2OU14,2
AG43-P7W9F1BB14,32
AG43-P7W9M2BB14,9
AG44-13W9F1OU14,0
AG44-13X9M2OU14,1
AG44-18X9M2OU14,2
AG44-P7V9F1BB14,6
AG46-18V9M2DS14,1
AG46-18X9F1OU14,1
AG46-P7V9M2DS14,5
AG47-13W9F1OU14,6
AG47-18V9F1BB14,3
AG47-AAG1NABU14,0
AG47-P7W9S2BB14,1
AG47-P7X9M2DS14,30
AG48-P7V9S2DS14,1
AG49-13V9M2DS60,1
AG49-13W9M2DS14,1
AG49-18W9M2DS14,1
AG49-P7W9F1OU14,1
AG49-P7W9M2OU14,21
AG49-P7X9M2OU14,21
AG51-18V9M2BB14,1
AG51-AAG1NABU60,0
AG51-P7V9M2TS14,1
AG52-13V9M2OU14,1
AG52-13X9F1BB60,6
AG52-18V9M2DS14,4
AG52-18X9F1BB60,8
AG52-AAG1NABU14,0
AG52-P7W9M2OU14,11
AG52-P7W9M2OU60,16
AG53-13V9F1BB14,23
AG53-13V9M2BB14,68
AG53-13W9M2OU14,27
AG53-P7W9M2BB14,1
AG54-13W9F1DS14,26
AG54-13W9M2BB14,1
AG54-13X9M2OU14,1
AG54-18X9M2TS60,1
AG54-AAG1NABU14,1
AG54-P7W9M2BB14,1
AG55-13V9M2BB60,5
AG55-13V9M2DS14,6
AG55-18V9S2DS14,34
AG55-AAG1NABU60,0
AG55-P7V9S1DS14,6
AG55-P7W9M2BB14,0
AG56-AAG1NABU60,0
AG57-P7W9S2DS14,0
AG58-13V9M2BBEP,20
AG58-13X9F1OUEP,1
AG58-18W9M2TSEP,1
AG58-P7V9F1OUEP,2
AG58-P7V9M2BBEP,20
AG58-P7W9M2OUEP,0
AG59-12U9S2TWEO,1
AG59-13V9M2BBEO,8
AG59-AAG1NABU55,0
AG59-P7V9F1DSEN,1
AG59-P7V9M2BBDC,1
AG59-P7V9S2BBDC,3
AG59-P7V9S2OUDC,1
AG59-P7V9S2OUEN,1
AG59-P7W9F1DS55,5
AG59-P7W9F1OUEN,3
AG59-P7W9M2BB55,3
AG59-P7W9M2BBEO,4
AG59-P7W9M2D1DC,1
AG59-P7W9M2OUDC,4
AG59-P7W9S2BB55,1
AG59-P7W9S2BBDC,1
AG61-P2V8S1BB14,8
AG61-P3V8M2BB60,2
AG61-P3V8M2OS14,52
AG61-P3W8F1OU60,1
AG61-P3W8M2BB14,11
AG62-P2V8S1BB60,2
AG62-P3V8F1BB60,1
AG62-P3V8M2BB14,0
AG62-P3V8M2OU14,2
AG62-P3V8M2OU60,5
AG62-P3W8M2BB14,4
AG62-P3X8F1BB14,1
AG63-P2V8S1BB14,1
AG63-P3W8F1BB14,5
AG63-P3X8M2OU60,25
AG64-P3V8F1BB14,4
AG64-P3V8F1OS60,3
AG64-P3V8M2BB14,96
AG64-P3V8M2BB60,11
AG64-P3V8M2OU14,1
AG64-P3W8F1BB60,2
AG64-P3W9M2OS14,31
AG64-P3X8F1OU14,4
AG64-P3X8M2OU60,15
AG65-P2V8S1OU60,3
AG65-P2X8S1OU14,1
AG65-P3V8M2OU14,15
AG65-P3V8M2OU60,17
AG65-P3W8F1OU14,6
AG65-P3W8F1OU60,16
AG65-P3W8M2OU60,2
AG65-P3X8F1DS60,135
AG66-P2V8S1BBEP,1
AG66-P2W8S1OUEP,68
AG66-P3V8M2OUEP,1
AG66-P3W8F1BBEP,5
AG67-P2V8S1BB55,1
AG67-P2V8S1OSEN,1
AG67-P3V8F1OUEO,1
AG67-P3V8M2OU55,1
AG67-P3V8M2OUEN,1
AG67-P3V8M2OUEO,1
AG67-P3W8F1BBEO,2
AG68-13V9M2TSWM,5
AG68-P7W9F1DUWM,25
AG69-13V9F1DUWN,3
AG69-13X9F1TSWN,7
AG69-P7V9F1OUWR,7
AG69-P7V9F1TSWR,2
AG69-P7V9S2TSWR,3
AG69-P7W9F1DUWR,1
AG69-P7W9F1OUWR,4
AG69-P7W9M2DUWR,1
AG69-P7W9M2OUWN,1
AG69-P7W9M2TSWN,2
AG69-P7W9M2TSWR,2
AG71-13V9M2TSWM,8
AG71-13V9S2DUWN,1
AG71-13W9F1OUWN,0
AG71-13W9M2DUWN,6
AG71-P7W9F1OUWR,1
AG71-P7W9M2OUWG,6
AH11-12W8W1OU14,11
AH11-12W9W1DS14,70
AH11-12W9W1OU14,2
AH11-12W9W1OU60,1
AH11-12X8W1BB14,10
AH11-12X8W1DS14,2
AH11-12X8W1O314,1
AH11-17V8W1OU14,10
AH11-17W8W1DS60,91
AH11-17X8W1BB14,175
AH11-17X8W1DS14,4
AH12-12V8W1OUWT,53
AH12-12V8W1OUWT,1
AH12-17W8W1OUWT,4
AH12-17X8W1OUWT,16
AH13-12V8W1DS60,5
AH13-12V8W1OU60,108
AH13-17X8W1OU14,1
AH14-17W9W1OUWT,16
AH15-25V8W1BB14,11
AH15-25V8W1BB60,45
AH15-25V8W1D314,176
AH15-25V8W1DS14,3
AH15-25W8W1BB60,64
AH15-25W9W1OU14,11
AH15-33W9W1OU14,2
AH15-33X8W1BB14,5
AH16-33V8W1BBWT,1
AH16-33W9W1BBWT,4
AH17-25V8W1OU14,85
AH17-25W8W1OU60,56
AH17-33W8W1OU60,1
AH18-25X8W1OUWT,170
AH18-33V8W1BBWT,1
AH19-25U9W1TW14,2
AH19-37W8W1OU14,1
AH19-37W9W1BB14,1
AH19-37W9W1OU14,72
AH19-37X8W1DS14,2
AH19-44W8W1BB60,2
AH21-44W9W1BBWT,1
AH22-12V8AZDSWR,3
AH22-12V8AZOUWR,2
AH22-12W9AZOUWR,1
AH22-12X8AZOUWR,3
AH22-17V8AZBBWR,3
AH22-17V8AZOUWR,1
AH23-12V8AZOUWP,0
AH23-12W9AZOUWP,0
AH23-12X8AZOUWP,0
AH23-17V8AZBBWP,1
AH24-12V8AZOUWN,1
AH24-17W8AZBBWR,9
AH24-17X8AZBBWR,1
AH25-17V8AZBBWP,2
AH26-17W8AZBBWR,4
AH27-12W9AZOUWP,2
AH27-17W9AZOUWP,2
AH28-12W8AZOUWR,8
AH29-12V8AZBBWP,8
AH31-12W8S3DS14,4
AH31-12X8M3BB60,11
AH31-12X8M3OU14,1
AH31-17W9S3OU14,2
AH31-17X8M3OU14,1
AH32-17W8S3BBWT,1
AH33-17W8M3DS14,1
AH34-17W8M3DSWT,7
AH35-33W8M3DS14,1
AH35-33W8S3DS14,14
AH36-25W9M3OUWT,1
AI11-P4X9S1BBCA,1
AI11-P7W9M2BBI8,2
AI11-P8V9F1BBCA,2
AI11-P8W9M2BBI8,1
AI15-P4V9S1BB34,1
AI15-P4V9S1BB60,1
AI15-P4V9S1BBDL,1
AI15-P4V9S1BBE3,1
AI15-P4V9S1BBJ6,1
AI15-P4V9S1BBZ5,1
AI15-P4W9S1BBZ5,1
AI15-P7W9F1BBZ5,1
AI15-P7X9M2BBE3,1
AI16-P4V9S1BBDL,1
AI17-P7W9M2BBZ5,4
AI17-P8W9M2BBZ5,0
AI18-P7V9M2BB14,107
AI19-P7W9F1OS60,82
AI22-P6W9F1OSZ5,143
AI23-P8W9S2XBZ5,0
AI23-P8X9F1DUDL,2
AI24-17V9F1DUDL,4
AI25-P8V9F1DUZ5,1
AI25-P8V9M2DU60,1
AJ12-P6W8M1OU05,0
AJ13-18W8M1OU05,1
AK11-26W8PLDS14,3
AK11-26W9HCOS14,6
AK11-26X8PLDS60,1
AK12-15W8MPOS14,2
AK12-26W8HCWR60,4
AK12-26W8MPDS60,1
AK12-26W8PLOS60,2
AK12-26X8HCOS14,1
AK13-15W8HCOS14,22
AK13-15X8PLOS14,1
AK13-26W8PLOS14,1
AK13-26X8HCOS14,1
AK13-26X8MPOS14,56
AK14-2PW8B2OS14,1
AK14-2PW8MPOS14,0
AK14-2PW8PLOS14,0
AK14-2PW8PLOS60,1
AK14-2PX8PLOS60,5
AK14-2PX8R2DS60,1
AK14-34W8HCWR14,1
AK14-34X8PLOS14,0
AK15-2PW8B2OS14,3
AK15-2PW8HCOS60,2
AK15-2PX8HCOU14,9
AK15-2PX8PLOS14,2
AK15-2PX8PMDS60,0
AK15-32W8CLOUN3,16
AK15-34W8PLOSN3,6
AK15-34W9HCOS60,1
AK15-34X8MPOS60,2
AK15-34X8PLOS60,2
AK16-2PW8B2OS14,6
AK16-2PW8MPOS14,14
AK16-34W8HCXB14,1
AK16-34W8PLDS14,8
AK16-34X8PLOS14,2
AK16-34X9PMOU14,0
AK17-34W8PLDS14,2
AK17-34W8PLOS14,2
AK18-52W8PLDS14,5
AK19-3PW8PLOS14,5
AK19-3PX8MPOS14,7
AK19-3PX8PLOS14,1
AK19-52W8MPOS14,5
AK21-3PW9HCOS60,3
AK21-3PX8PLOS60,5
AK21-52W8HCDS14,1
AK21-52W8HCDS60,2
AK21-52X8PLDS14,2
AK21-52X8PMOSN3,1
AK23-34W8HCOSGA,3
AK23-34W8HCOUGA,1
AK23-34W8PLDSGA,0
AK23-34X8MPOSGA,1
AK23-AABFNABUGA,15
AK23-AABFNABUGB,8
AL11-P6W9M3BBZ5,46
AN11-P5W8S1BBZ5,59
AN12-16NNF1BBZ5,5
AN13-24V8M3XBZ5,1
AN13-24W8S2XBZ5,0
AN13-25NNS2DMZ5,8
AN13-27W8S1XBZ5,0
AN14-53W8F1OUZ5,0
AN14-5PW8M3XBZ5,1
AP11-35U8MPTW14,12
AP11-35U8MPXC14,20
AP11-35W8MPD314,1
AP11-35W9MPBB14,39
AP11-35W9MPOS14,11
AP13-35W8MPBB14,26
AP13-35W8MPOS14,0
AP13-35W9MPBB14,30
AP13-35W9MPOS14,7
AP13-35X8MPDS14,38
AP13-35X9MPDS14,9
AP13-35X9MPOS14,21
AS11-18W9M3OUDL,1
AT11-14X9F2BBI8,2
AT14-18W9S3BB14,20
AT15-18V9F1BB14,2
AT16-18V9F1BBDL,11
AT17-18W9F1BBZ5,1
AT22-18V9S3XBZ5,0
AU11-11V9M3OU34,47
AU11-P8V9M3DS14,9
AU11-P8V9M3DS60,2
AU11-P8W9F1OS34,34
AU11-P8W9M3OS34,13
AU11-P8X9F1OS34,2
AU12-P8W9M3DS60,88
AU13-11V9M3DS34,19
AU13-11V9M3OU14,5
AU13-11V9S3OU60,3
AU13-AAG1NABU34,0
AU13-P8V9S3DS14,2
AU13-P8V9S3OS14,1
AU14-P8W9M3DS60,9
AU15-11W9F1OU14,1
AU15-AAG1NABU34,14
AU15-P8V9F1DS14,12
AU15-P8V9M3DS60,29
AU17-18V9M3DS14,7
AU17-18V9M3DS60,20
AU17-18W9F1BB34,1
AU17-18W9F1OU14,36
AU17-18X9F1DS60,4
AU17-39W9M3OU60,12
AU19-18W9M3BB34,1
AU19-18X9F1DS34,0
AU19-25W9M3OU60,32
AU19-33W9M3DS14,15
AU22-18W9F1BB60,20
AU22-18W9F1DS60,1
AU22-18X9F1DU34,11
AU22-33W9F1OS34,6
AU22-39V9S3BB34,21
AU23-39X9S3OU60,3
AV11-12V9Y3OS60,1
AV11-18V9V2DS60,2
AV11-18W9V2OS60,1
AV12-18W9Y2DSL7,1
AV13-12V9X2DSO3,2
AV13-12W9V2DS60,1
AV13-12X9V2DSO4,0
AV13-P6W9V1OS60,1
AV13-P6W9Z1OS60,1
AV13-P6W9Z2OSO9,0
AV14-12W9Y2OSL8,2
AV14-P6V9X1DSO7,3
AV14-P6V9Y2OSL8,2
AV14-P6V9Y2OSO8,1
AV14-P6V9Z1DSL7,1
AV14-P6V9Z1DSL8,1
AV14-P6V9Z1DSO7,0
AV14-P6V9Z2OSL8,2
AV14-P6W9Y1OSO1,1
AV15-12V9Z2DS60,1
AV15-18W9X3OSL8,4
AV15-P6V9Z2OSL8,1
AV16-12V9Z2OSL7,1
AV16-12W9X2DS60,0
AV16-12X9X2DSL8,10
AV16-18V9Z1DS60,1
AV16-P6V9V3DS60,8
AV16-P6V9X2OSL7,2
AV16-P6W9X1OS60,1
AV16-P6W9X1OSL7,1
AV16-P6W9Y1OS60,3
AV16-P6W9Y1OSO1,1
AV16-P6W9Y1OSO7,2
AV16-P6W9Y1OSO8,2
AV16-P6W9Y2OS60,4
AV16-P6W9Z1OS60,1
AV16-P6W9Z1OSO7,1
AV16-P6W9Z2OSL8,1
AV16-P6W9Z2OSO7,1
AV17-12V9Z1DS60,2
AV17-12W9V1OSO4,1
AV17-12W9Z2OS60,98
AV17-P6V9Z2DS60,22
AV17-P6W9X2OSO4,0
AV17-P6W9Z1OS60,1
AV19-12V9Z2OSL7,1
AV19-12W9V3OS60,1
AV19-12W9Y1OS60,0
AV19-P6V9X2OS60,3
AV19-P6W9V2OSL9,0
AV19-P6W9V3DS60,2
AV19-P6W9X1OS60,2
AV19-P6W9Y1OS60,2
AV19-P6W9Y3DS60,1
AV19-P6W9Z1OS60,1
AV19-P6W9Z1OSL8,0
AV19-P6W9Z2DS60,5
AV19-P6W9Z2OS60,3
AV21-12W9V1OS60,1
AV21-12W9Z2OS60,0
AV21-12W9Z2OSO7,1
AV21-18W9U2DS60,0
AV21-P6W9V1OSL9,1
AV23-12V9U3OS60,5
AV23-12V9Z2DS60,8
AV23-12W9U3DS60,11
AV23-12W9Y3DS60,1
AV23-12X9X3DS60,6
AV23-12X9Y3DS60,6
AV23-18V9U2DS60,13
AV23-18V9U2DSL9,0
AV24-12V9Z2OSL7,2
AV24-12W9V2OSL9,1
AV24-18V9Z3OS60,3
AV24-18W9X2DS60,1
AV24-18W9X3OS60,1
AV24-18W9Y2OSL8,3
AV24-18W9Y3DS60,1
AV24-18X9X3DS60,15
AV24-P6W9Z1OSO6,1
AV25-12V9X3DS60,4
AV25-12W9X3DSL7,5
AV26-12W9Y3DSL7,6
AV26-18W9V1DS60,1
AV26-P6W9V1OS60,1
AV26-P6W9X1OSO7,1
AV26-P6X9X3DS60,2
AV27-18W9V1DS60,1
AV27-P6W9V1OS60,1
AV28-12V9Z2OSO3,1
AV28-18W9V1DS60,1
AV28-P6W9V1OS60,1
AW11-18W9BEOR60,1
AW12-24VAPLOS14,0
AW33-36WAPLOS60,4
AW42-24W9BEOS60,17
AW52-21VAPLDS60,2
AZ15-P6V8S1DUCA,19
BA11-P2V8S1BBI7,21
BA11-P2W8F2BBCA,1
BA11-P2W8F2BBI7,1
BA11-P2W8F2BBI8,1
BA11-P2W8S1BBCA,2
BA11-P2W8S2BBI8,6
BA11-P2X8S1BBCA,2
BA11-P3W8F2BBCA,22
BA15-P2W8S2BB14,4
BA15-P3W8F2BB60,17
BB19-44W9GMOS14,0
BD12-34V8S1BBZ5,1
BD15-34X8E5BB34,36
BD15-34X8S1BB34,17
BH11-16V9F2OS60,41
BJ13-12X9S2BBCA,0
CD4A-00A9AZDU05,0
CD4B-00X9AZDU14,5
CD5A-00A9AZOU05,0
CD5C-00V9AZOU14,3
CD5C-00W9AZOU14,3
CF4J-00W9AZRU14,0
CF4J-00X9AZDU05,1
CF5C-00V9AZOU14,5
CS5B-00A9AZDUEF,1
CS5C-00W9AZDU14,15
CS5D-00W9AZDU05,2
CV4A-00A9AZOU05,1
DE-0002-SAT,100
DE-0005-SAT,425
DE-0014-BLA,324
DE-0014-NEG,42
DE-0015-BLA,640
DE-0015-NEG,1021
DE-0016-BLA,459
DE-0016-NEG,802
DE-0026-BLA,2104
DE-0027-BLA,1000
DE-0028-BLA,125
DE-0029-MAD,125
DE-0032-MAD,90
DE-0033-MAD,162
DE-0034-MAD,154
DE-0036-BLA,0
DE-0036-NEG,8
DE-0037-MAD,363
DE-0038-MAD,594
DE-0044-NEG,53
DE-0045-NEG,0
DE-0046-NEG,0
DE-0047-SAT,0
DE-0049-SAT,0
DE-0050-SAT,0
DE-0052-SAT,101
DE-0054-SAT,0
DE-0055-NEG,49
DE-0056-NEG,23
DE-0057-NEG,96
DE-0058-NEG,82
DE-0059-NEG,94
DE-0060-SAT,74
DE-0061-NEG,0
DE-0063-SAT,368
DE-0064-SAT,74
DE-0066-SAT,59
DE-0067-SAT,9
DE-0068-GRI,319
DE-0069-GRI,257
DE-0070-NEG,53
DE-0077-BLA,0
DE-0077-NEG,569
DE-0079-NEG,0
DE-0081-NEG,8
DE-0082-NEG,0
DE-0083-NEG,42
DE-0086-NEG,14
DE-0088-RSA,0
DE-0088-VRD,797
DE-0091-BLA,269
DE-0097-MAD,222
DE-0100-MAD,84
DE-0102-NEG,114
DE-0107-VRD,194
DE-0108-BLA,313
DE-0109-BLA,174
DE-0110-BLA,324
DE-0111-MAD,0
DE-0112-BLA,450
DE-0114-BLA,293
DE-0115-NEG,378
DE-0117-ORO,134
DE-0124-NEG,456
DE-0125-NEG,1
DE-0138-BLA,275
DE-0140-NEG,0
DE-0142-BLA,443
DE-0142-NEG,285
DE-0147-BLA,111
DE-0147-NEG,95
DE-0148-BLA,92
DE-0148-NEG,135
DE-0149-AMR,0
DE-0149-VRD,0
DE-0156-NEG,153
DE-0157-NEG,145
DE-0158-NEG,560
DE-0159-NEG,1422
DE-0160-NEG,1366
DE-0167-NEG,163
DE-0169-BLA,631
DE-0169-NEG,540
DE-0170-BLA,1
DE-0170-NEG,502
DE-0172-NEG,207
DE-0173-NEG,208
DE-0174-NEG,200
DE-0175-NEG,212
DE-0176-ESP,151
DE-0177-ESP,125
DE-0178-ESP,156
DE-0179-NAT,84
DE-0182-NEG,0
DE-0195-CRO,0
DE-0196-CRO,697
DE-0198-BLA,2158
DE-0200-NAT,179
DE-0201-NAT,168
DE-0202-NAT,131
DE-0203-NAT,130
DE-0204-NAT,262
DE-0212-NAT,185
DE-0213-NAT,103
DE-0214-NAT,149
DE-0215-NAT,180
DE-0217-ESP,154
DE-0218-ESP,106
DE-0220-NAT,149
DE-0223-CRO,3
DE-0234-RTJ,0
DE-0235-AZP,0
DE-0236-NAT,166
DE-0238-NEG,115
DE-0241-NEG,138
DE-0247-AZU,159
DE-0247-BEI,180
DE-0247-NAR,200
DE-0247-VER,153
DE-0249-BEI,0
DE-0249-ROJ,156
DE-0249-VER,146
DE-0250-BEI,0
DE-0265-CEM,252
DE-0269-GRI,0
DE-0311-CRI,19
DE-0314-MAD,2
DE-0424-BLA,4
DE-0430-CRO,73
DE-0436-BLA,4292
DE-0437-BLA,4136
DE-0438-BLA,1840
DE-0443-SAT,0
DE-0474-BLA,0
DE-0474-NEG,0
DE-0477-BLA,0
DE-0488-NEG,0
DE-0490-NEG,4
DE-0510-BLA,530
DE-0510-NEG,0
DE-0519-CEM,0
DE-0520-CEM,0
DM-0054-N3-00,2
DM-0061-14-00,0
DM-0061-N3-00,290
DM-0062-N3-00,0
DM-0081-14-00,0
DM-0082-14-00,191
DM-0082-60-00,189
DM-0093-14-00,131
DM-0093-60-00,321
DN-0526-14-00,1
DN-0527-14-00,1
DN-1600-23-00,0
DN-1602-14-00,81
DN-1695-14-00,0
DN-1696-14-00,1
DN-1697-14-00,1
DYCE-4163-081,1
EM01-0100NN1400,56
EM01-0150NN1400,0
EM02-0100NN1400,525
EM03-0103PA1400,19
EM06-0050NN1400,0
EP-0356-14-00,201
PAN-161-T008,182
PAN-164-14,35
PAN-182-14,49
PAN-194-AJ,25
PAN-219-14,20
PAN-229-H13W,465
PR-0911-60-00,1
PR-0953-14-37,2
PRO-110634,120
PRO-124051,2
PRO-135954,115
PRO-135954-M4,22
PRO-146935-M1,0
PRO-153950,226
PRO-158476-M1,273
PRO-160510,1
PRO-163128-M2,40
PRO-166534,298
PRO-171128,23
PRO-171130,4
PRO-171131,18
PRO-171593-M4,0
PRO-172939,34
PRO-174255-M1,28
PRO-175660,215
PRO-184619,25
PRO-190694,1
PRO-202350-22,107
PRO-27775-V01,87
PX-0034-ANT,76
PX-0056-GRI,36
PX-0063-OXI,0
PX-0087-ANT,0
PX-0095-GRI,0
PX-0098-INO,494
PX-0104-NEG,2853
PX-0105-ANT,0
PX-0105-BLA,895
PX-0105-MAR,12
PX-0110-ANT,0
PX-0123-INO,216
PX-0129-NEG,275
PX-0133-NEG,443
PX-0136-BLA,1
PX-0138-NEG,6
PX-0142-GRI,1
PX-0147-NEG,2
PX-0150-GRI,0
PX-0152-ANT,9
PX-0159-NEG,478
PX-0161-CEM,0
PX-0162-CEM,282
PX-0163-CEM,476
PX-0164-CEM,68
PX-0174-ANT,415
PX-0176-ANT,33
PX-0195-ANT,0
PX-0201-CEM,925
PX-0203-NEG,161
PX-0222-GRI,0
PX-0238-NEG,3389
PX-0239-VRD,818
PX-0242-OXI,0
PX-0249-VRD,1188
PX-0255-VRD,1091
PX-0273-INO,0
PX-0276-BLA,335
PX-0276-GRI,1414
PX-0277-INO,0
PX-0278-INO,1760
PX-0279-INO,0
PX-0280-NEG,0
PX-0282-NEG,0
PX-0286-NEG,137
PX-0294-GRI,1
PX-0295-GRI,0
PX-0296-NEG,1
PX-0303-NEG,252
PX-0317-ANT,0
PX-0317-BLA,17
PX-0318-ANT,247
PX-0318-BLA,8
PX-0338-INO,0
PX-0339-INO,3
PX-0340-ANT,881
PX-0341-ANT,0
PX-0343-NEG,1492
PX-0344-NEG,1726
PX-0345-NEG,558
PX-0346-BLA,187
PX-0346-NEG,96
PX-0347-BLA,188
PX-0347-NEG,0
PX-0348-BLA,322
PX-0348-NEG,9
PX-0359-BLA,8
PX-0359-NEG,251
PX-0365-NEG,426
PX-0367-ANT,148
PX-0369-INO,727
PX-0372-NEG,179
PX-0373-ANT,0
PX-0375-MAR,600
PX-0376-MAR,12
PX-0384-NEG,245
PX-0385-ANT,1643
PX-0385-BLA,596
PX-0386-NEG,493
PX-0387-NEG,144
PX-0388-NEG,707
PX-0389-NEG,49
PX-0390-GRI,80
PX-0395-GRI,113
PX-0396-GRI,52
PX-0400-NEG,0
PX-0430-GRI,401
PX-0431-GRI,136
PX-0435-NEG,225
PX-0436-ANT,174
PX-0453-NEG,1
PX-0460-ANT,530
PX-0461-ANT,0
PX-0462-ANT,73
PX-0463-ANT,584
PX-0464-GRI,1
PX-0468-BLA,0
PX-0469-NEG,107
PX-0470-ANT,0
PX-0471-NEG,478
PX-0478-BLA,0
PX-0492-NEG,0
PX-0495-NEG,289
PX-0497-MAD,241
PX-0498-MAD,182
PX-0502-ANT,397
PX-0503-ANT,505
PX-0504-ANT,215
PX-0505-ANT,0
PX-0506-ANT,91
PX-0508-ANT,18
PX-0509-NEG,1768
PX-0512-BLA,0
PX-0513-BLA,0
PX-0515-ANT,62
PX-0517-CEM,157
PX-0518-BLA,0
PX-0522-CEM,4234
PX-0525-ANT,2952
PX-0525-BLA,735
PX-0525-OXI,695
PX-0527-CEM,235
PX-0528-BLA,0
PX-0529-NEG,88
PX-0530-ANT,433
PX-0532-NEG,0
PX-0538-NEG,223
PX-0539-NEG,210
PX-0540-ALU,158
PX-0541-ALU,226
PX-0542-ANT,1
PX-0544-ANT,208
PX-0547-MAD,219
PX-0548-NEG,213
PX-0549-ALU,0
PX-0552-ANT,304
PX-0553-ANT,88
PX-0554-ANT,64
PX-0555-ANT,108
PX-0559-BLA,0
PX-0562-ANT,1
PX-0565-NEG,0
PX-0566-NEG,0
PX-0568-BLA,7
PX-0570-BLA,228
PX-0573-BLA,239
PX-0616-NEG,575
PX-0624-NEG,100
PX-0626-BLA,0
PX-0627-ANT,240
PX-0637-NEG,0
PX-0638-NEG,0
PX-0645-NEG,84
PX-0649-NEG,753
PX-0650-NEG,334
PX-0651-MAR,133
PX-0657-ANT,625
PX-0664-NEG,33
PX-0668-NEG,224
PX-0670-NEG,262
PX-0671-NEG,0
PX-0672-MAR,116
PX-0672-NEG,61
PX-0685-ANT,1941
PX-0690-BLA,399
PX-0690-NEG,95
PX-0691-MAR,254
PX-0691-NEG,224
PX-0692-MAR,272
PX-0692-NEG,293
PX-0692-VRD,276
PX-0695-MAR,276
PX-0695-NEG,236
PX-0695-VRD,231
PX-0696-MAR,300
PX-0696-NEG,300
PX-0696-VRD,299
PX-0697-NEG,204
PX-0757-ANT,63
PX-1500-INO,1
PX-1900-GRI,2
PX-1900-NEG,2
PX-1901-BLA,9
PX-1901-GRI,3
TC-0001-NEG,330
TC-0005-NEG,76
TC-0006-NEG,219
TC-0007-NEG,355
TC-0008-BLA,922
TC-0009-BLA,3
TC-0010-BLA,3583
TC-0014-BLA,1010
TC-0015-BLA,2015
TC-0016-BLA,2631
TC-0023-GRI,52
TC-0024-GRI,1645
TC-0025-GRI,2713
TC-0026-BLA,1469
TC-0027-BLA,619
TC-0028-BLA,638
TC-0029-GRI,967
TC-0030-GRI,680
TC-0031-GRI,1887
TC-0035-BLA,495
TC-0036-BLA,482
TC-0037-BLA,775
TC-0038-BLA,1613
TC-0039-BLA,1594
TC-0040-BLA,218
TC-0041-BLA,594
TC-0042-BLA,417
TC-0043-BLA,877
TC-0044-BLA,2
TC-0045-BLA,0
TC-0049-BLA,3
TC-0056-BLA,764
TC-0057-BLA,317
TC-0058-BLA,2130
TC-0059-BLA,500
TC-0060-BLA,12
TC-0061-BLA,505
TC-0062-BLA,1715
TC-0063-BLA,858
TC-0064-BLA,2555
TC-0065-BLA,598
TC-0066-BLA,398
TC-0067-BLA,730
TC-0068-NEG,0
TC-0076-BLA,127
TC-0090-SIN,1174
TC-0091-SIN,1586
TC-0092-SIN,1089
TC-0093-SIN,1767
TC-0094-SIN,1457
TC-0095-SIN,629
TC-0096-SIN,306
TC-0097-SIN,140
TC-0122-NEG,1139
TC-0123-CRO,1910
TC-0123-GRA,1950
TC-0123-ORO,1942
TC-0124-CRO,1784
TC-0124-GRA,1778
TC-0124-ORO,1960
TC-0125-CRO,1941
TC-0125-GRA,1934
TC-0125-ORO,1911
TC-0126-CRO,1934
TC-0126-GRA,1937
TC-0126-NEG,1750
TC-0126-ORO,579
TC-0127-CRO,1877
TC-0127-GRA,1905
TC-0127-ORO,1891
TC-0135-BLA,12347
TC-0140-BLA,6
TC-0146-GRI,0
TC-0147-GRI,1405
TC-0148-GRI,1
TC-0152-BLA,1130
TC-0152-GRI,693
TC-0153-BLA,2366
TC-0153-GRI,1484
TC-0154-GRI,3
TC-0156-BLA,413
TC-0156-GRI,2
TC-0162-BLA,0
TC-0164-BLA,421
TC-0165-BLA,370
TC-0166-BLA,705
TC-0170-BLA,0
TC-0178-SIN,130
TC-0192-NEG,0
TC-0199-NEG,0
TC-0204-BLA,0
TC-0211-BLA,1691
TC-0217-BLA,37
TC-0221-ALU,2196
TC-0222-ALU,2232
TC-0223-ALU,2320
TC-0224-ALU,1355
TC-0229-BLA,1398
TC-0306-BLA,0
TC-0316-BLA,967
TC-0357-BLA,424
TC-0357-NEG,58
TC-0358-BLA,256
TC-0358-NEG,344
TC-0411-BLA,228
TC-0422-BLA,0
TC-0434-BLA,0
TC-0440-BLA,676
TC-0450-BLA,0
TC-0451-BLA,0
TC-0460-GRI,2765
TC-0461-BLA,2338
TC-0461-GRI,4443
TC-0463-BLA,1007
TC-0471-BLA,0
TC-0484-BLA,313
TC-0484-NEG,1317
TC-0485-BLA,407
TC-0485-NEG,102
TC-0489-BLA,0
TC-0494-BLA,0
TC-0504-BLA,0
TC-0505-BLA,170
TC-0506-BLA,185
TC-0511-BLA,108
TC-0512-BLA,2
TC-1200-SAT,5
TC-1400-GRI,22
TC-1500-GRI,5
TC-1601-BLA,1
TC-2900-SIN,0
TS4Z-00V9AZOU05,1
TS4Z-00X9AZOU05,0
TS5X-00V9AZOU05,1
TS6S-00V9AZOUEF,1
TS6Z-00V9AZOU05,0
TS6Z-00V9AZOUEF,2
VE-0002-BLA,0
VE-0002-MAD,15
VE-0014-BLA,0
VE-0015-MAR,0
VE-0017-BLA,0
VE-0020-NEG,422
VE-0027-NEG,0
VE-0028-NEG,259
VE-0029-MAD,325
VE-0030-MAD,0
VE-0031-MAD,265
VE-0032-MAD,237
VE-0033-MAD,241
VE-0034-NEG,283
VE-0088-NMC,0
VE-0088-NMF,0
